File-Name,Type,Accredation,Node-Type,Notes
noun_Crab_3212166.svg,icon,Crab by Adrien Coquet from the Noun Project,Crustacean,
noun_Raccoon_1604166.svg,icon,Raccoon by Georgiana Ionescu from the Noun Project,Mammal,
noun_microbes_127260.svg,icon,Microbes by Dima Lagunov from the Noun Project,Microscopic Organism,
noun_Plant_2252224.svg,icon,Plant by Fiki Ahmadi from the Noun Project,Plant,
noun_Bird_984022.svg,icon,Bird by David Khai from the Noun Project,Bird,
noun_Dragonfly_2128068.svg,icon,Dragonfly by Deemak Daksina from the Noun Project,"Insects, Annelids and Arachnids",
noun_Fish_3097931.svg,icon,Fish by trang5000 from the Noun Project,Fish,
noun_Microbe_3671215.svg,icon,Microbe by Vectorstall from the Noun Project,Plankton,
noun_Snail_1048429.svg,icon,Snail by Juraj Sedlák from the Noun Project,Molluscs,
noun_service_142793.svg,icon,save water by Diego Naïve from the Noun Project,Ecosystem Service,
